Rank,Word,Count
 1,which,6412646
 2,first,4840311
 3,their,4339413
 4,after,4204053
 5,other,3004434
 6,there,2553647
 7,would,2102544
 8,later,2051542
 9,where,2042679
10,world,1918571
11,about,1862871
12,state,1829694
13,three,1818763
14,while,1809191
15,under,1749319
16,known,1736899
17,these,1648336
18,being,1571014
19,south,1504540
20,early,1498143
21,until,1411078
22,since,1393061
23,north,1328862
24,album,1291004
25,music,1285930
26,group,1280263
27,house,1136279
28,march,1093798
29,found,1053066
30,began,1039386
31,place,975489
32,river,917879
33,local,903455
34,along,876966
35,party,875473
36,could,863489
37,built,853049
38,major,833377
39,final,829801
40,death,808392
41,small,793974
42,large,767345
43,order,760885
44,third,759173
45,those,757264
46,still,731854
47,among,706155
48,often,697514
49,again,659103
50,water,658084
51,great,654776
52,court,643683
53,power,623806
54,title,607907
55,award,605415
56,white,597084
57,given,592782
58,total,582959
59,using,581159
60,field,550486
61,black,547728
62,point,540451
63,union,533581
64,young,528547
65,royal,522446
66,radio,519563
67,force,514327
68,wrote,507437
69,women,507038
70,every,498350
71,board,485960
72,round,483408
73,level,481886
74,video,466293
75,match,459368
76,event,455955
77,right,452766
78,short,448608
79,story,442459
80,debut,438374
81,route,426481
82,never,420917
83,class,416341
84,track,415404
85,media,410776
86,human,406019
87,style,402477
88,coach,384927
89,taken,383095
90,seven,381650
91,refer,374084
92,study,373864
93,stage,373412
94,range,371369
95,chief,371345
96,civil,363637
97,light,363410
98,night,353721
99,space,352995
100,china,351608
101,front,349217
102,model,340064
103,close,333944
104,eight,331303
105,above,329783
106,today,329354
107,grand,327744
108,coast,323964
109,green,318334
110,lower,316264
111,least,314025
112,prior,297813
113,whose,297152
114,start,289801
115,trade,284628
116,below,283783
117,medal,281902
118,novel,280335
119,staff,280219
120,money,276525
121,child,272084
122,spent,264490
123,plant,258087
124,brown,255383
125,older,254479
126,sound,253147
127,press,252701
128,woman,252130
129,youth,249829
130,legal,244512
131,rural,244165
132,stone,233593
133,going,233092
134,cross,232487
135,smith,232316
136,chart,230728
137,issue,227212
138,score,221266
139,cover,221036
140,shown,219284
141,upper,218925
142,movie,216611
143,train,210909
144,fight,209771
145,actor,207745
146,dance,207697
147,prime,206304
148,saint,205814
149,creek,204386
150,heart,202943
151,fifth,201670
152,month,201090
153,heavy,198909
154,minor,198314
155,hotel,193317
156,queen,193184
157,might,192325
158,prize,192139
159,cause,189466
160,daily,189043
161,serve,188272
162,leave,187874
163,tower,187106
164,rugby,186120
165,whole,185889
166,dutch,185301
167,allow,185067
168,mayor,184653
169,value,182493
170,speed,181046
171,drama,180682
172,label,178702
173,scene,177084
174,earth,176749
175,beach,175520
176,peace,175368
177,voice,174522
178,naval,174179
179,urban,173777
180,paper,171497
181,basis,170900
182,metal,167319
183,judge,167246
184,focus,165550
185,super,165146
186,fleet,164867
187,opera,164092
188,grade,163316
189,reach,161828
190,mount,160055
191,store,159925
192,trial,159447
193,drive,159136
194,build,158359
195,clear,156184
196,floor,154999
197,blood,154285
198,alone,153275
199,block,151590
200,frank,149851
201,joint,149820
202,color,149499
203,draft,147842
204,honor,146323
205,table,145844
206,guard,145157
207,twice,144665
208,basic,142484
209,share,142185
210,offer,141812
211,birth,141686
212,split,140134
213,image,139680
214,owner,139518
215,grant,139090
216,newly,137680
217,sport,137260
218,tried,136429
219,sixth,136228
220,horse,135699
221,theme,135683
222,price,135243
223,crime,132798
224,fully,132258
225,squad,132215
226,bring,129681
227,visit,129578
228,labor,129074
229,break,129051
230,agent,128122
231,steel,127747
232,ocean,126960
233,claim,126473
234,trust,126235
235,guest,125378
236,storm,123630
237,crown,123571
238,stock,123092
239,broke,122835
240,brand,122094
241,sense,121908
242,entry,121178
243,phase,121078
244,piece,119703
245,adult,117988
246,meant,113540
247,begin,112156
248,enemy,111382
249,canal,111032
250,pilot,110506
251,glass,110131
252,doing,109833
253,write,109489
254,think,109149
255,stand,108635
256,count,107912
257,scale,106829
258,quite,106570
259,carry,106385
260,occur,105656
261,piano,105520
262,heard,105194
263,shape,103775
264,exist,102725
265,motor,102492
266,comic,102043
267,avoid,101571
268,harry,101192
269,trail,100539
270,enter,99479
271,equal,98413
272,chair,97563
273,arena,95329
274,ahead,93975
275,chose,93727
276,chain,92953
277,cycle,91122
278,brief,91043
279,reign,90175
280,apart,89244
281,faith,88284
282,drawn,87396
283,worth,86885
284,extra,86319
285,stood,85479
286,brain,83087
287,broad,82856
288,magic,81304
289,ridge,80489
290,guide,80449
291,inner,79910
292,steam,79741
293,watch,79327
294,brick,79111
295,frame,78535
296,shore,78129
297,dream,76842
298,limit,76371
299,thing,76210
300,cable,76142
301,metro,76119
302,raise,75801
303,solar,75737
304,rapid,74787
305,welsh,73888
306,plane,73114
307,audio,72886
308,learn,72713
309,basin,72542
310,mouth,72366
311,speak,72210
312,tribe,72167
313,abbey,71896
314,grown,71878
315,uncle,71847
316,truth,71657
317,vocal,71554
318,roger,71403
319,solid,69001
320,shell,68711
321,index,68478
322,rival,68410
323,hence,68350
324,baron,68300
325,phone,67606
326,outer,67449
327,fruit,67417
328,siege,67097
329,sugar,67034
330,panel,66864
331,happy,66776
332,depth,66563
333,favor,66429
334,begun,65771
335,billy,65492
336,venue,65016
337,ratio,64953
338,print,64606
339,ready,64565
340,genre,64392
341,ninth,63910
342,giant,63555
343,organ,63363
344,crowd,62627
345,plate,62533
346,bible,62519
347,spoke,61711
348,crash,61657
349,apply,61332
350,fresh,60292
351,abuse,60195
352,cargo,58090
353,elder,58028
354,manor,58018
355,usage,57986
356,plain,57980
357,false,57955
358,alive,57592
359,strip,57343
360,derby,56543
361,grace,56530
362,rifle,56241
363,ferry,56180
364,forum,56068
365,bound,55480
366,pitch,54711
367,elite,54640
368,shall,54318
369,apple,54159
370,baker,53998
371,wheel,53528
372,clean,53226
373,scope,53089
374,marry,52796
375,choir,52629
376,waste,52582
377,robin,52478
378,layer,52476
379,shift,52463
380,villa,52443
381,sweet,52129
382,moral,51899
383,truck,51827
384,delta,51351
385,angel,50850
386,chess,50828
387,eagle,50628
388,usual,50414
389,angle,50241
390,chase,49610
391,rocky,49402
392,wrong,49261
393,radar,49036
394,noble,48663
395,wider,48574
396,spend,48367
397,flood,48324
398,bonus,48285
399,thick,48219
400,slave,48080
401,worst,48000
402,exact,47655
403,lodge,47143
404,prove,47003
405,sharp,46876
406,touch,46812
407,tenth,46806
408,grave,46766
409,globe,46758
410,rally,46381
411,civic,46281
412,bobby,46196
413,ghost,45896
414,teach,45677
415,aside,45371
416,ruler,45141
417,rabbi,45128
418,error,45025
419,pearl,44939
420,clock,44371
421,dress,44263
422,aware,44165
423,grove,44127
424,ideal,44103
425,input,44021
426,widow,43907
427,exile,43611
428,depot,43532
429,anime,43219
430,craft,43192
431,noise,43108
432,ralph,42959
433,verse,42857
434,paint,42783
435,gauge,42575
436,grass,42490
437,unity,42466
438,blind,42436
439,manga,42324
440,plaza,42285
441,drove,42266
442,scout,42078
443,shoot,41960
444,sleep,41931
445,relay,41649
446,quick,41335
447,catch,41286
448,empty,41274
449,alpha,41202
450,sword,41193
451,fewer,40943
452,cloud,40678
453,tiger,40643
454,photo,40610
455,trump,40374
456,proof,40370
457,spell,40136
458,virus,39934
459,bench,39771
460,mason,39700
461,threw,39602
462,teeth,39514
463,orbit,39477
464,agree,39234
465,sandy,38913
466,throw,38259
467,pride,38109
468,fifty,37996
469,rough,37700
470,shock,37338
471,rebel,37203
472,drink,37143
473,dying,37137
474,clerk,36912
475,merit,36905
476,logic,36760
477,flash,36750
478,width,36692
479,fluid,36461
480,treat,36015
481,sheep,35842
482,rider,35803
483,ranch,35553
484,check,35433
485,sight,35400
486,lying,35127
487,trend,34993
488,delay,34847
489,gross,34621
490,valid,34595
491,canon,34378
492,smart,34373
493,topic,34234
494,grain,34219
495,skill,34141
496,vital,34099
497,forth,34072
498,flora,33912
499,guild,33813
500,array,33767
501,alien,33654
502,dozen,33611
503,enjoy,33565
504,breed,33536
505,taste,33526
506,fraud,33194
507,vinyl,33115
508,brook,33032
509,forty,32742
510,align,32729
511,curve,32565
512,upset,32457
513,sheet,32415
514,doubt,32349
515,badly,32233
516,haven,32106
517,snake,31855
518,essay,31421
519,lover,31286
520,cabin,31263
521,loyal,31260
522,argue,31170
523,stake,31158
524,lease,30943
525,mouse,30816
526,truly,30595
527,snail,30394
528,cliff,30248
529,quiet,30178
530,nurse,30123
531,smoke,30008
532,cream,29991
533,angry,29980
534,chuck,29858
535,tight,29624
536,swing,29467
537,arose,29405
538,skull,29374
539,glory,29276
540,loose,29275
541,graph,29236
542,duchy,29144
543,boxer,29127
544,marsh,29091
545,altar,28931
546,dense,28392
547,spite,28385
548,heath,28235
549,quest,28193
550,trace,28103
551,chest,27973
552,stint,27960
553,brass,27909
554,fault,27870
555,steep,27807
556,fever,27767
557,suite,27760
558,wheat,27684
559,dealt,27585
560,newer,27573
561,climb,27422
562,yield,27298
563,owing,27252
564,carol,27100
565,adopt,26750
566,devil,26573
567,worse,26470
568,solve,26464
569,troop,26446
570,bread,26394
571,meter,26337
572,stern,26150
573,trunk,26134
574,armor,26060
575,slope,26017
576,pupil,25806
577,diary,25797
578,realm,25508
579,feast,25414
580,lunar,25326
581,papal,25311
582,wound,25158
583,maker,25126
584,flown,25062
585,blade,25061
586,stick,24964
587,robot,24936
588,hardy,24822
589,tough,24797
590,crest,24739
591,crazy,24611
592,dairy,24599
593,liver,24449
594,chaos,24440
595,coral,24167
596,maple,24152
597,humor,24125
598,acute,23949
599,liner,23865
600,cedar,23812
601,valve,23772
602,lucky,23740
603,lunch,23590
604,harsh,23411
605,fatal,23363
606,fauna,23207
607,olive,23122
608,nerve,23096
609,arrow,22983
610,polar,22979
611,anger,22829
612,asset,22791
613,swift,22662
614,patch,22632
615,shaft,22623
616,flank,22481
617,knife,22355
618,motto,22335
619,blast,22303
620,mercy,22276
621,freed,22246
622,spare,22229
623,funny,22134
624,berry,22106
625,stamp,22100
626,toxic,22078
627,witch,22061
628,dirty,21945
629,elect,21935
630,tract,21895
631,wagon,21817
632,honey,21763
633,swept,21716
634,lynch,21601
635,booth,21572
636,drake,21523
637,cloth,21511
638,badge,21490
639,homer,21399
640,shirt,21294
641,yacht,21238
642,porch,21200
643,randy,21128
644,moist,21099
645,prose,21087
646,beast,20875
647,fairy,20873
648,vault,20864
649,belle,20856
650,demon,20849
651,circa,20721
652,deity,20697
653,proud,20679
654,cadet,20500
655,sally,20485
656,theft,20392
657,shire,20336
658,crane,20294
659,abbot,20248
660,sworn,20244
661,viral,20097
662,vicar,19947
663,alter,19946
664,eaten,19907
665,steal,19853
666,email,19813
667,sixty,19729
668,fiber,19696
669,salon,19571
670,trick,19527
671,burnt,19522
672,shark,19355
673,poker,19341
674,fence,19240
675,stuck,19170
676,aging,19158
677,trout,19143
678,ivory,19117
679,stoke,19005
680,slate,18947
681,boost,18882
682,sonic,18882
683,voter,18855
684,clash,18785
685,mound,18717
686,cameo,18676
687,arise,18668
688,vowel,18667
689,rouge,18595
690,cheap,18579
691,merge,18570
692,frost,18529
693,decay,18492
694,bride,18328
695,tumor,18264
696,vista,18250
697,tenor,18242
698,pound,18156
699,drunk,18121
700,slide,18042
701,lobby,18019
702,spike,17941
703,stuff,17888
704,synod,17830
705,holly,17806
706,candy,17762
707,alert,17644
708,panic,17587
709,flame,17492
710,humid,17436
711,basal,17398
712,fungi,17392
713,swamp,17334
714,whale,17246
715,flute,17236
716,stark,17193
717,dwarf,17188
718,alike,17157
719,wreck,17100
720,disco,17090
721,tooth,17074
722,lyric,16957
723,onset,16909
724,flesh,16894
725,dodge,16866
726,maybe,16840
727,blend,16821
728,petty,16646
729,woody,16591
730,hatch,16570
731,flour,16517
732,brave,16505
733,lance,16465
734,inter,16419
735,chord,16367
736,buddy,16347
737,blame,16266
738,privy,16252
739,twist,16246
740,shrub,16215
741,dried,16192
742,flint,16155
743,stack,16103
744,drill,16034
745,caste,16007
746,pulse,15980
747,amber,15892
748,niece,15882
749,alley,15871
750,brake,15796
751,mafia,15757
752,punch,15681
753,penny,15664
754,sigma,15643
755,habit,15611
756,tidal,15559
757,curse,15530
758,batch,15525
759,fritz,15496
760,cubic,15421
761,pagan,15349
762,grape,15289
763,inlet,15262
764,gamma,15166
765,shade,15135
766,crude,15075
767,prone,15019
768,oxide,14999
769,crush,14996
770,adapt,14978
771,canoe,14936
772,focal,14936
773,motif,14920
774,mural,14865
775,tutor,14823
776,gorge,14717
777,burst,14578
778,racer,14527
779,donor,14513
780,juice,14466
781,cease,14404
782,audit,14389
783,guilt,14380
784,erect,14356
785,bacon,14255
786,reply,14076
787,alarm,13994
788,blank,13977
789,sunny,13975
790,baton,13951
791,bluff,13925
792,tense,13870
793,sweep,13862
794,drain,13820
795,stole,13760
796,ankle,13696
797,kappa,13691
798,midst,13669
799,rigid,13662
800,wharf,13612
801,ultra,13562
802,seize,13512
803,probe,13510
804,rover,13443
805,tempo,13414
806,admit,13393
807,sauce,13316
808,blown,13280
809,bloom,13228
810,brush,13221
811,risen,13215
812,unite,13179
813,borne,13114
814,piper,13029
815,smile,12961
816,daisy,12911
817,pizza,12898
818,surge,12876
819,cello,12857
820,savoy,12838
821,stein,12780
822,basil,12763
823,setup,12732
824,quote,12696
825,skate,12658
826,drift,12642
827,crack,12580
828,viola,12561
829,comet,12528
830,shale,12518
831,beard,12485
832,cruel,12425
833,raven,12422
834,spark,12405
835,vogue,12327
836,stunt,12313
837,berth,12280
838,sting,12260
839,shelf,12257
840,forge,12212
841,annex,12180
842,penal,12180
843,shear,12154
844,moody,12137
845,algae,12082
846,charm,12003
847,paddy,11989
848,spine,11966
849,rainy,11959
850,birch,11931
851,hello,11890
852,teddy,11888
853,alloy,11877
854,ninja,11876
855,thief,11858
856,niche,11854
857,stony,11849
858,torch,11757
859,rower,11629
860,smash,11614
861,thank,11599
862,react,11539
863,curry,11532
864,sedan,11520
865,sperm,11495
866,knock,11413
867,fried,11374
868,terra,11368
869,scrap,11335
870,eager,11305
871,tying,11298
872,thumb,11287
873,turbo,11276
874,rogue,11258
875,omega,11215
876,weird,11161
877,belly,11111
878,cache,11071
879,adobe,10979
880,cobra,10875
881,lemon,10805
882,shake,10696
883,truce,10681
884,goose,10652
885,snout,10644
886,cyber,10593
887,ditch,10588
888,shine,10583
889,jewel,10559
890,tally,10557
891,grief,10489
892,creed,10464
893,hairy,10457
894,quota,10455
895,fatty,10453
896,urine,10403
897,envoy,10393
898,revue,10375
899,stiff,10341
900,kitty,10324
901,smell,10263
902,moose,10253
903,shame,10247
904,coupe,10208
905,straw,10207
906,screw,10192
907,hobby,10153
908,guess,10151
909,skier,10142
910,venom,10108
911,buyer,10078
912,lever,10059
913,spire,10042
914,titan,10036
915,bunch,10035
916,laugh,10035
917,clown,10022
918,diver,10000
919,nasal,9993
920,welch,9983
921,bliss,9965
922,renew,9939
923,chalk,9938
924,maize,9913
925,blunt,9899
926,float,9844
927,imply,9841
928,attic,9795
929,trait,9757
930,tonga,9751
931,spear,9724
932,swami,9724
933,bravo,9692
934,mecca,9650
935,safer,9622
936,finch,9556
937,micro,9537
938,spray,9478
939,arbor,9432
940,minus,9430
941,wight,9373
942,sorry,9304
943,ought,9297
944,crust,9261
945,atoll,9233
946,elbow,9224
947,yeast,9222
948,sheer,9214
949,vivid,9180
950,aisle,9178
951,spice,9165
952,clone,9157
953,junta,9053
954,hazel,9017
955,rotor,9017
956,weigh,9014
957,gypsy,8982
958,rodeo,8923
959,laden,8922
960,daddy,8916
961,queer,8903
962,opium,8855
963,barge,8840
964,bunny,8810
965,fanny,8806
966,miner,8780
967,slang,8777
968,wrist,8763
969,tango,8685
970,pedal,8674
971,hilly,8670
972,loser,8616
973,fibre,8581
974,blitz,8568
975,vague,8545
976,willy,8544
977,fancy,8541
978,paste,8538
979,trash,8535
980,digit,8527
981,natal,8515
982,blaze,8493
983,worry,8491
984,merry,8445
985,woven,8445
986,vapor,8425
987,scrub,8417
988,purse,8344
989,hedge,8339
990,brace,8317
991,chant,8310
992,camel,8266
993,token,8250
994,bison,8245
995,beech,8237
996,drone,8219
997,spill,8158
998,muddy,8136
999,truss,8136
1000,maxim,8130
1001,stout,8128
1002,verge,8025
1003,cater,8013
1004,crypt,7974
1005,click,7949
1006,serum,7848
1007,chili,7838
1008,flair,7799
1009,guise,7789
1010,slain,7769
1011,filly,7764
1012,ionic,7764
1013,edict,7681
1014,rhyme,7674
1015,pixel,7647
1016,otter,7645
1017,banjo,7643
1018,stall,7634
1019,peach,7630
1020,libel,7623
1021,fjord,7494
1022,motel,7479
1023,refit,7477
1024,thorn,7463
1025,butte,7459
1026,sewer,7445
1027,hydro,7411
1028,epoch,7409
1029,waist,7367
1030,usher,7340
1031,dolly,7329
1032,mimic,7289
1033,parry,7289
1034,faint,7274
1035,karma,7265
1036,roach,7255
1037,renal,7219
1038,gland,7189
1039,resin,7151
1040,onion,7144
1041,freak,7111
1042,rayon,7067
1043,brawl,7048
1044,groom,7047
1045,wedge,7027
1046,ample,7018
1047,locus,6991
1048,scare,6952
1049,waltz,6922
1050,slept,6872
1051,intro,6846
1052,psalm,6845
1053,proxy,6821
1054,patty,6792
1055,colon,6780
1056,rusty,6767
1057,silly,6738
1058,arson,6737
1059,glove,6734
1060,flock,6699
1061,grill,6687
1062,dusty,6676
1063,purge,6668
1064,query,6666
1065,wrath,6648
1066,optic,6633
1067,risky,6628
1068,manly,6612
1069,cocoa,6611
1070,sonar,6531
1071,snowy,6420
1072,theta,6388
1073,chick,6382
1074,notch,6366
1075,linen,6359
1076,shout,6340
1077,excel,6294
1078,sweat,6257
1079,grasp,6254
1080,azure,6252
1081,cheer,6248
1082,bayou,6215
1083,prism,6189
1084,triad,6176
1085,pinto,6166
1086,amend,6161
1087,regal,6161
1088,milky,6122
1089,rhino,6122
1090,ascot,6099
1091,larva,6082
1092,stray,6058
1093,cheek,6056
1094,axial,6043
1095,gecko,6042
1096,sloop,6042
1097,skirt,6036
1098,mango,5979
1099,sneak,5958
1100,leach,5942
1101,bland,5927
1102,reuse,5915
1103,retro,5912
1104,poppy,5898
1105,heron,5897
1106,diner,5888
1107,joker,5878
1108,friar,5874
1109,snack,5820
1110,shady,5818
1111,butch,5809
1112,feral,5788
1113,relic,5773
1114,slick,5769
1115,ozone,5767
1116,brood,5754
1117,geese,5747
1118,scent,5714
1119,perch,5708
1120,magma,5706
1121,fetal,5662
1122,valor,5638
1123,cigar,5621
1124,flyer,5614
1125,queue,5590
1126,crook,5584
1127,slash,5576
1128,unfit,5575
1129,fiery,5573
1130,shiny,5564
1131,champ,5557
1132,evade,5548
1133,dowry,5535
1134,bully,5509
1135,taboo,5504
1136,havoc,5495
1137,genie,5489
1138,paler,5466
1139,jolly,5460
1140,slice,5447
1141,posse,5436
1142,pause,5432
1143,awake,5427
1144,salsa,5417
1145,syrup,5407
1146,haute,5401
1147,lipid,5401
1148,couch,5399
1149,steer,5398
1150,cloak,5395
1151,gamer,5394
1152,spelt,5385
1153,brink,5377
1154,viper,5372
1155,witty,5371
1156,dough,5363
1157,swear,5361
1158,choke,5346
1159,helix,5344
1160,greed,5333
1161,irony,5327
1162,naive,5299
1163,avail,5296
1164,nasty,5291
1165,crisp,5268
1166,noisy,5266
1167,pinch,5266
1168,fetus,5255
1169,flush,5236
1170,plank,5235
1171,stair,5198
1172,scuba,5154
1173,stalk,5153
1174,dummy,5151
1175,toxin,5142
1176,ester,5135
1177,pence,5130
1178,salad,5101
1179,bribe,5091
1180,deter,5083
1181,razor,5047
1182,tonal,5045
1183,piety,5042
1184,reset,5042
1185,spawn,5041
1186,rumor,5040
1187,horde,5022
1188,axiom,5018
1189,expel,5014
1190,sheen,5010
1191,enact,5003
1192,hound,4995
1193,smoky,4930
1194,abyss,4929
1195,repay,4918
1196,ethos,4911
1197,slant,4910
1198,spoon,4910
1199,aloud,4907
1200,scary,4903
1201,funky,4862
1202,mania,4852
1203,sober,4836
1204,awful,4832
1205,sadly,4829
1206,jelly,4805
1207,stove,4805
1208,bingo,4747
1209,thigh,4746
1210,ether,4716
1211,plume,4697
1212,curly,4684
1213,exert,4682
1214,agile,4675
1215,rehab,4650
1216,adept,4638
1217,quake,4633
1218,overt,4630
1219,swarm,4625
1220,torso,4620
1221,shook,4572
1222,pivot,4562
1223,drank,4560
1224,evoke,4560
1225,swore,4559
1226,windy,4549
1227,drier,4536
1228,nylon,4531
1229,stump,4527
1230,folly,4516
1231,zebra,4509
1232,bless,4506
1233,folio,4503
1234,mummy,4502
1235,fuzzy,4496
1236,relax,4496
1237,spree,4494
1238,bulge,4466
1239,dizzy,4425
1240,finer,4421
1241,crawl,4414
1242,nanny,4411
1243,chill,4408
1244,patsy,4399
1245,islet,4398
1246,palsy,4397
1247,equip,4393
1248,gully,4386
1249,foray,4374
1250,modal,4360
1251,needy,4354
1252,spoof,4312
1253,tweed,4306
1254,puppy,4298
1255,forte,4288
1256,cheat,4281
1257,await,4271
1258,toast,4265
1259,flare,4259
1260,tonic,4259
1261,broom,4257
1262,groin,4243
1263,fable,4242
1264,ethic,4241
1265,cider,4236
1266,bleak,4233
1267,prank,4227
1268,macro,4214
1269,acorn,4209
1270,shack,4191
1271,snoop,4180
1272,stain,4171
1273,uncut,4153
1274,rouse,4114
1275,glide,4084
1276,vegan,4076
1277,unify,4066
1278,jetty,4065
1279,repel,4042
1280,farce,4027
1281,hoard,4010
1282,vodka,4007
1283,siren,3997
1284,assay,3995
1285,bowel,3995
1286,vigil,3995
1287,plead,3983
1288,cried,3974
1289,cairn,3957
1290,melee,3952
1291,molar,3952
1292,idiom,3933
1293,slump,3919
1294,inert,3918
1295,shrew,3918
1296,knoll,3891
1297,pygmy,3888
1298,femme,3887
1299,utter,3877
1300,crank,3876
1301,avian,3864
1302,strap,3838
1303,swell,3832
1304,gnome,3815
1305,lymph,3810
1306,handy,3798
1307,spiny,3794
1308,lofty,3776
1309,blond,3760
1310,fetch,3759
1311,tweet,3754
1312,pasta,3746
1313,stare,3741
1314,lupus,3736
1315,stead,3725
1316,ebony,3718
1317,abode,3713
1318,spicy,3712
1319,modem,3694
1320,swine,3691
1321,apron,3684
1322,flick,3684
1323,grind,3662
1324,greet,3658
1325,abide,3653
1326,bleed,3650
1327,madam,3631
1328,timer,3626
1329,heist,3621
1330,weave,3612
1331,hurry,3595
1332,widen,3581
1333,pouch,3567
1334,tulip,3536
1335,dwell,3517
1336,dogma,3506
1337,swung,3505
1338,shoal,3492
1339,foyer,3489
1340,ledge,3477
1341,bugle,3446
1342,limbo,3443
1343,scoop,3443
1344,booty,3441
1345,agony,3434
1346,haunt,3427
1347,grail,3407
1348,dread,3405
1349,quell,3384
1350,snare,3380
1351,primo,3317
1352,dandy,3315
1353,drown,3307
1354,polka,3289
1355,harem,3285
1356,masse,3279
1357,obese,3271
1358,idiot,3259
1359,fugue,3257
1360,troll,3252
1361,quill,3245
1362,slack,3242
1363,steak,3240
1364,stool,3220
1365,creep,3219
1366,cleft,3214
1367,manic,3203
1368,mover,3203
1369,ovary,3193
1370,erode,3184
1371,diode,3175
1372,debit,3163
1373,salty,3160
1374,remit,3153
1375,cough,3149
1376,decor,3137
1377,peril,3136
1378,weary,3134
1379,chute,3132
1380,lager,3126
1381,semen,3125
1382,plaid,3121
1383,spore,3119
1384,brine,3116
1385,rarer,3116
1386,oddly,3105
1387,verve,3093
1388,lapse,3092
1389,husky,3087
1390,kayak,3083
1391,erase,3058
1392,decoy,3052
1393,tibia,3049
1394,zonal,3046
1395,roast,3036
1396,missy,3035
1397,anode,3034
1398,chunk,3006
1399,kiosk,3003
1400,graft,2990
1401,lorry,2978
1402,valet,2976
1403,craze,2964
1404,clamp,2963
1405,gloss,2962
1406,femur,2940
1407,stork,2937
1408,lemur,2930
1409,quark,2929
1410,hasty,2924
1411,stave,2924
1412,bongo,2923
1413,quail,2922
1414,totem,2922
1415,spade,2911
1416,eerie,2905
1417,jumbo,2904
1418,boast,2892
1419,ovate,2885
1420,patio,2883
1421,tramp,2861
1422,aroma,2856
1423,bulky,2854
1424,infer,2835
1425,mogul,2833
1426,tithe,2825
1427,undue,2810
1428,leech,2800
1429,scion,2789
1430,nomad,2788
1431,satin,2786
1432,goofy,2778
1433,spoil,2777
1434,rajah,2765
1435,beret,2761
1436,hinge,2761
1437,scarf,2758
1438,silky,2750
1439,melon,2744
1440,nymph,2708
1441,hitch,2704
1442,anvil,2702
1443,tarot,2697
1444,roost,2696
1445,gulch,2681
1446,braid,2654
1447,brute,2652
1448,squat,2649
1449,nadir,2628
1450,buggy,2618
1451,smear,2605
1452,strut,2598
1453,beset,2595
1454,glaze,2595
1455,brunt,2584
1456,rigor,2578
1457,taper,2574
1458,sheik,2572
1459,facet,2558
1460,scalp,2533
1461,dusky,2532
1462,winch,2528
1463,wager,2524
1464,carve,2514
1465,alibi,2506
1466,torus,2487
1467,blink,2486
1468,hippo,2486
1469,rowdy,2482
1470,scant,2475
1471,juicy,2466
1472,lowly,2464
1473,clasp,2462
1474,medic,2461
1475,lilac,2457
1476,frail,2447
1477,vigor,2443
1478,gaunt,2437
1479,hoist,2432
1480,slime,2428
1481,hotly,2422
1482,sully,2420
1483,suing,2418
1484,juror,2410
1485,tunic,2404
1486,ounce,2402
1487,druid,2395
1488,lumen,2391
1489,lucid,2388
1490,towel,2385
1491,mucus,2383
1492,sever,2382
1493,knack,2371
1494,elegy,2360
1495,broth,2358
1496,skunk,2349
1497,sushi,2340
1498,sling,2339
1499,abort,2338
1500,haste,2338
1501,pinky,2333
1502,bushy,2332
1503,shave,2331
1504,talon,2329
1505,thong,2329
1506,aloft,2324
1507,forgo,2322
1508,quilt,2308
1509,leafy,2304
1510,foggy,2278
1511,avert,2277
1512,hyper,2264
1513,incur,2244
1514,amity,2235
1515,brash,2235
1516,freer,2234
1517,comma,2227
1518,jazzy,2222
1519,macho,2222
1520,froze,2216
1521,morph,2216
1522,ficus,2202
1523,shaky,2193
1524,aptly,2185
1525,scrum,2175
1526,denim,2167
1527,timid,2164
1528,salvo,2158
1529,wafer,2154
1530,inept,2144
1531,eater,2143
1532,wield,2126
1533,flake,2113
1534,furry,2106
1535,khaki,2096
1536,lefty,2087
1537,petal,2081
1538,tuber,2080
1539,stoic,2071
1540,adorn,2070
1541,radii,2064
1542,mambo,2062
1543,tenet,2062
1544,ovoid,2039
1545,evict,2035
1546,shank,2033
1547,brisk,2025
1548,fecal,2023
1549,graze,2001
1550,tread,2001
1551,crate,1998
1552,plump,1995
1553,budge,1994
1554,flirt,1981
1555,hover,1980
1556,snipe,1975
1557,tiara,1960
1558,vying,1959
1559,lathe,1955
1560,fling,1954
1561,sauna,1950
1562,plush,1949
1563,munch,1930
1564,sloth,1925
1565,tawny,1925
1566,grime,1916
1567,mourn,1900
1568,stomp,1897
1569,icing,1894
1570,briar,1891
1571,filth,1888
1572,shunt,1887
1573,snuff,1887
1574,cacao,1885
1575,vixen,1883
1576,aorta,1882
1577,angst,1863
1578,sleek,1863
1579,recap,1856
1580,tacit,1849
1581,dryer,1847
1582,conch,1835
1583,crump,1833
1584,binge,1832
1585,taker,1831
1586,ulcer,1822
1587,savvy,1807
1588,gravy,1803
1589,midge,1797
1590,epoxy,1796
1591,bathe,1775
1592,crick,1770
1593,awoke,1748
1594,eject,1741
1595,rerun,1739
1596,cacti,1734
1597,coven,1727
1598,liege,1724
1599,defer,1715
1600,glyph,1713
1601,agora,1707
1602,showy,1707
1603,scorn,1701
1604,biome,1699
1605,gourd,1697
1606,aloof,1696
1607,pubic,1690
1608,emcee,1689
1609,sieve,1686
1610,tease,1686
1611,sooty,1670
1612,shone,1669
1613,fiend,1666
1614,conic,1661
1615,pixie,1659
1616,condo,1654
1617,wacky,1648
1618,steed,1645
1619,rupee,1643
1620,mamma,1638
1621,cabal,1634
1622,glade,1633
1623,navel,1626
1624,deuce,1624
1625,fudge,1624
1626,tasty,1621
1627,rumba,1619
1628,login,1616
1629,fluke,1615
1630,glare,1603
1631,booby,1596
1632,stale,1594
1633,gamut,1583
1634,datum,1580
1635,crumb,1573
1636,dwelt,1563
1637,gipsy,1553
1638,hutch,1551
1639,flask,1546
1640,mower,1544
1641,lasso,1543
1642,hyena,1534
1643,piney,1528
1644,dingo,1518
1645,flack,1514
1646,waive,1514
1647,hefty,1511
1648,fleck,1510
1649,revel,1509
1650,scaly,1494
1651,flume,1491
1652,plumb,1491
1653,droit,1485
1654,golem,1466
1655,girth,1463
1656,smock,1460
1657,sassy,1459
1658,boney,1456
1659,topaz,1456
1660,clout,1455
1661,erupt,1452
1662,leper,1443
1663,latch,1442
1664,murky,1438
1665,speck,1435
1666,trope,1432
1667,vomit,1426
1668,agate,1425
1669,ramen,1418
1670,wiser,1412
1671,swath,1409
1672,shawl,1407
1673,flung,1406
1674,amass,1405
1675,cling,1401
1676,visor,1401
1677,askew,1399
1678,caper,1394
1679,clump,1394
1680,shard,1391
1681,credo,1389
1682,koala,1387
1683,taunt,1382
1684,quirk,1381
1685,phony,1380
1686,gloom,1378
1687,ruddy,1378
1688,madly,1377
1689,noose,1366
1690,chasm,1365
1691,apnea,1362
1692,piggy,1345
1693,downy,1342
1694,chime,1340
1695,ensue,1335
1696,mauve,1331
1697,stash,1329
1698,octet,1323
1699,itchy,1319
1700,tamer,1317
1701,scone,1316
1702,leaky,1314
1703,recur,1310
1704,usurp,1305
1705,prawn,1292
1706,elope,1263
1707,banal,1256
1708,smelt,1252
1709,grate,1239
1710,stink,1238
1711,serif,1236
1712,crass,1230
1713,stung,1228
1714,riser,1224
1715,olden,1222
1716,pecan,1217
1717,prong,1217
1718,suave,1216
1719,giver,1215
1720,kneel,1209
1721,blimp,1197
1722,embed,1193
1723,trove,1189
1724,donut,1188
1725,moult,1187
1726,swirl,1183
1727,aphid,1181
1728,floss,1180
1729,sepia,1180
1730,delve,1178
1731,leapt,1173
1732,macaw,1167
1733,thyme,1165
1734,ember,1163
1735,felon,1163
1736,gruff,1161
1737,parka,1151
1738,goody,1148
1739,betel,1147
1740,dally,1142
1741,cutie,1139
1742,smack,1138
1743,salve,1133
1744,rebus,1132
1745,egret,1125
1746,adore,1123
1747,wrest,1122
1748,admin,1121
1749,mossy,1120
1750,amuse,1113
1751,rabid,1110
1752,chard,1109
1753,satyr,1108
1754,chaff,1107
1755,lurid,1103
1756,guava,1102
1757,afoul,1099
1758,posit,1094
1759,clove,1092
1760,llama,1092
1761,skiff,1092
1762,reedy,1090
1763,crept,1089
1764,parse,1088
1765,elude,1086
1766,inlay,1085
1767,shalt,1085
1768,sissy,1084
1769,krill,1083
1770,ripen,1083
1771,bosom,1081
1772,endow,1080
1773,godly,1072
1774,brawn,1070
1775,leash,1070
1776,plied,1065
1777,carat,1064
1778,horny,1057
1779,copse,1051
1780,kebab,1049
1781,caddy,1045
1782,creme,1044
1783,fixer,1042
1784,quasi,1042
1785,verso,1041
1786,batty,1040
1787,nutty,1040
1788,seedy,1036
1789,kinky,1035
1790,bevel,1031
1791,affix,1029
1792,rivet,1029
1793,quack,1020
1794,blush,1019
1795,bilge,1013
1796,booze,1008
1797,easel,999
1798,clung,997
1799,spool,997
1800,jerky,996
1801,cramp,995
1802,debug,995
1803,ghoul,991
1804,pluck,990
1805,shove,989
1806,woken,985
1807,borax,984
1808,irate,984
1809,stoop,979
1810,gusto,978
1811,bossy,973
1812,taffy,973
1813,bylaw,972
1814,awash,969
1815,bawdy,969
1816,atone,967
1817,twine,965
1818,spied,964
1819,lingo,961
1820,guppy,960
1821,pupal,956
1822,wreak,953
1823,spout,943
1824,churn,941
1825,abate,940
1826,tabby,937
1827,stilt,931
1828,humus,926
1829,grunt,924
1830,annoy,923
1831,baggy,922
1832,loamy,920
1833,flier,918
1834,aback,906
1835,nerdy,896
1836,payer,896
1837,terse,891
1838,corny,888
1839,grout,887
1840,lapel,883
1841,mulch,882
1842,warty,882
1843,tryst,881
1844,bigot,871
1845,louse,871
1846,gusty,865
1847,puffy,861
1848,crave,860
1849,mocha,858
1850,bagel,856
1851,igloo,853
1852,spurt,852
1853,gauze,844
1854,poise,844
1855,afire,838
1856,crone,837
1857,lumpy,834
1858,pansy,832
1859,heady,831
1860,spook,831
1861,slush,827
1862,slimy,826
1863,annul,824
1864,putty,822
1865,myrrh,816
1866,cynic,814
1867,fluff,814
1868,bough,812
1869,amply,810
1870,growl,809
1871,cumin,807
1872,scour,805
1873,miser,801
1874,bloke,799
1875,scree,798
1876,frock,797
1877,iliac,797
1878,elfin,787
1879,latte,785
1880,spasm,781
1881,decal,779
1882,guile,777
1883,polyp,773
1884,spiky,773
1885,prick,769
1886,dirge,768
1887,furor,767
1888,curio,766
1889,caput,764
1890,swoop,763
1891,taint,760
1892,hippy,754
1893,rinse,751
1894,mammy,750
1895,quash,749
1896,tapir,748
1897,unwed,741
1898,wimpy,739
1899,knelt,734
1900,sniff,732
1901,aunty,731
1902,trawl,729
1903,tepid,728
1904,dodgy,725
1905,droop,722
1906,twang,718
1907,tubal,716
1908,idler,712
1909,sleet,707
1910,gumbo,704
1911,quart,699
1912,slung,698
1913,blurb,697
1914,adage,696
1915,shirk,694
1916,agape,692
1917,covey,691
1918,giddy,688
1919,offal,685
1920,sumac,684
1921,frond,683
1922,trite,683
1923,curvy,682
1924,pique,681
1925,umbra,681
1926,livid,680
1927,ditto,677
1928,rebar,673
1929,toddy,673
1930,mirth,670
1931,spiel,669
1932,gaudy,664
1933,amiss,659
1934,howdy,659
1935,tacky,658
1936,detox,656
1937,snuck,656
1938,harpy,655
1939,tweak,655
1940,nicer,649
1941,lousy,647
1942,idyll,646
1943,shorn,637
1944,purer,636
1945,clank,635
1946,chirp,633
1947,saucy,633
1948,afoot,630
1949,antic,630
1950,burly,628
1951,prowl,626
1952,flail,624
1953,minty,624
1954,tripe,623
1955,fella,621
1956,flaky,619
1957,moron,611
1958,dimly,608
1959,allay,606
1960,tulle,606
1961,segue,604
1962,lusty,603
1963,crier,599
1964,ditty,595
1965,heave,595
1966,unmet,593
1967,trice,591
1968,dingy,586
1969,bezel,585
1970,whirl,583
1971,drape,581
1972,prune,579
1973,weedy,577
1974,staid,575
1975,boule,571
1976,meaty,568
1977,knave,567
1978,penne,567
1979,raspy,567
1980,canny,565
1981,swash,563
1982,thump,563
1983,gavel,561
1984,enema,558
1985,joust,557
1986,outdo,557
1987,cress,553
1988,tilde,543
1989,froth,542
1990,lunge,542
1991,hunch,541
1992,augur,540
1993,chore,540
1994,soapy,534
1995,nudge,532
1996,droll,530
1997,frisk,530
1998,halve,528
1999,tardy,526
2000,surly,525
2001,debar,523
2002,clack,520
2003,rebut,520
2004,perky,519
2005,feign,511
2006,gouge,509
2007,frill,508
2008,swoon,504
2009,hymen,495
2010,ladle,484
2011,gummy,479
2012,swish,470
2013,shied,468
2014,baler,466
2015,dowdy,464
2016,ingot,462
2017,mince,462
2018,recut,461
2019,inbox,458
2020,octal,458
2021,spilt,458
2022,imbue,457
2023,crepe,455
2024,pooch,455
2025,allot,453
2026,hater,452
2027,truer,452
2028,hunky,450
2029,pesky,449
2030,waver,449
2031,spank,445
2032,girly,444
2033,lanky,442
2034,extol,441
2035,whiff,441
2036,geeky,438
2037,tipsy,438
2038,crimp,436
2039,dilly,436
2040,bused,435
2041,wooly,434
2042,vapid,433
2043,glean,429
2044,wryly,429
2045,lurch,428
2046,whack,428
2047,chock,424
2048,etude,422
2049,whine,421
2050,pithy,417
2051,soggy,417
2052,begat,414
2053,pasty,412
2054,fussy,410
2055,sprig,410
2056,scamp,406
2057,retry,405
2058,amaze,404
2059,biddy,402
2060,bleep,402
2061,loath,402
2062,mealy,400
2063,dowel,398
2064,snarl,398
2065,untie,396
2066,unlit,394
2067,gaffe,391
2068,gleam,389
2069,inane,389
2070,shush,389
2071,ashen,384
2072,scold,384
2073,whisk,384
2074,dicey,383
2075,sappy,383
2076,acrid,380
2077,fishy,380
2078,plait,379
2079,roomy,378
2080,croup,376
2081,snide,376
2082,ardor,373
2083,groan,371
2084,foamy,366
2085,frown,363
2086,grimy,361
2087,liken,360
2088,splat,360
2089,loopy,358
2090,nobly,356
2091,squib,356
2092,crony,355
2093,junto,355
2094,clink,352
2095,crock,352
2096,bitty,351
2097,gruel,351
2098,mange,350
2099,smite,350
2100,clang,347
2101,exalt,347
2102,payee,343
2103,opine,342
2104,shrug,340
2105,moldy,337
2106,fizzy,336
2107,sower,335
2108,shuck,334
2109,mushy,330
2110,spunk,327
2111,singe,326
2112,yearn,325
2113,drawl,324
2114,sinew,324
2115,artsy,323
2116,lithe,323
2117,wispy,323
2118,slyly,319
2119,udder,318
2120,twirl,317
2121,rearm,315
2122,bloat,312
2123,decry,310
2124,dopey,307
2125,jaunt,307
2126,vouch,307
2127,golly,305
2128,amble,304
2129,glint,304
2130,oaken,303
2131,pushy,303
2132,scram,303
2133,throb,303
2134,tangy,302
2135,snort,299
2136,beget,298
2137,croak,298
2138,undid,297
2139,wring,297
2140,wordy,296
2141,cavil,293
2142,savor,293
2143,gooey,292
2144,poser,291
2145,spurn,289
2146,beady,285
2147,musky,285
2148,botch,282
2149,ennui,281
2150,minim,280
2151,buxom,279
2152,filer,277
2153,sulky,275
2154,preen,273
2155,picky,271
2156,pleat,270
2157,axion,268
2158,wrack,265
2159,bicep,263
2160,wench,262
2161,whoop,261
2162,woozy,261
2163,balmy,260
2164,surer,260
2165,filet,258
2166,thrum,258
2167,pesto,257
2168,dunce,256
2169,jumpy,252
2170,pudgy,251
2171,gonad,250
2172,mucky,250
2173,whiny,242
2174,belch,241
2175,jiffy,241
2176,musty,239
2177,covet,236
2178,blurt,235
2179,catty,233
2180,chafe,230
2181,daunt,230
2182,sneer,230
2183,gripe,227
2184,dross,224
2185,ombre,222
2186,cleat,221
2187,pulpy,221
2188,cinch,220
2189,gaily,219
2190,leery,217
2191,bluer,216
2192,cluck,216
2193,chump,212
2194,riper,209
2195,beefy,207
2196,joist,204
2197,belie,202
2198,dumpy,198
2199,duvet,198
2200,ratty,198
2201,smirk,198
2202,fetid,196
2203,odder,196
2204,abled,192
2205,puree,188
2206,flout,186
2207,ruder,181
2208,stank,180
2209,swill,180
2210,boozy,179
2211,dryly,179
2212,wrung,179
2213,wince,178
2214,abhor,177
2215,drool,177
2216,impel,171
2217,gayer,170
2218,hovel,170
2219,comfy,169
2220,scald,167
2221,leant,165
2222,utile,163
2223,grope,162
2224,gloat,159
2225,pried,158
2226,tepee,158
2227,eking,156
2228,filmy,156
2229,prude,156
2230,scoff,155
2231,testy,154
2232,whelp,152
2233,aping,150
2234,zesty,148
2235,briny,146
2236,cagey,146
2237,nosey,145
2238,smote,142
2239,caulk,141
2240,leggy,139
2241,creak,138
2242,aglow,137
2243,teary,136
2244,slosh,134
2245,gazer,130
2246,parer,130
2247,ovine,129
2248,poesy,129
2249,cower,128
2250,coyly,128
2251,gnash,127
2252,hussy,127
2253,snore,125
2254,blare,124
2255,dully,124
2256,goner,124
2257,shyly,121
2258,befit,119
2259,plunk,117
2260,saner,114
2261,kneed,111
2262,tatty,108
2263,slink,107
2264,knead,99
2265,scowl,99
2266,twixt,99
2267,gassy,93
2268,chide,92
2269,mangy,89
2270,clued,88
2271,flunk,87
2272,edify,86
2273,gawky,85
2274,aider,83
2275,voila,80
2276,demur,78
2277,unfed,78
2278,unzip,78
2279,waxen,78
2280,baste,77
2281,exult,77
2282,cabby,76
2283,deign,74
2284,matey,73
2285,snaky,72
2286,unset,72
2287,elide,69
2288,foist,69
2289,eclat,67
2290,corer,65
2291,quoth,64
2292,neigh,59
2293,icily,55
2294,bleat,54
2295,pouty,53
2296,qualm,53
2297,slurp,53
2298,sooth,53
2299,skulk,50
2300,skimp,49
2301,eying,46
2302,broil,44
2303,retch,43
2304,ninny,41
2305,humph,36
2306,saute,36
2307,slunk,36
2308,stunk,35
2309,elate,32
2310,wooer,30
2311,vaunt,27
2312,abase,21
2313,plier,17
2314,gayly,13
2315,outgo,12
